freq(MHz),sigx,sigy
400,1.5680477501825782,2.0897123489676575
