freq(MHz),sigx,sigy
400,1.305976641866773,1.7369173394379758
