freq(MHz),sigx,sigy
420,1.5362476108253798,1.9414531635180488
